_id,id,email,password,full_name,company,phone,created_at,last_login,is_active,reset_token,reset_token_expires
688209ca4e778289ec16a67b,4b95e57f-7058-4853-932e-d854ffe10f39,,,,,,2025-07-24T15:24:04.314+00:00,,,,
688209d44e778289ec16a67c,d194190a-998a-41f2-8765-0e30ab422174,,,,,,2025-07-24T15:24:04.314+00:00,,,,
68820b055b4ef8a82fc8e8de,188369a1-13cd-4a55-873b-a79b00e9fc20,,,,,,2025-07-24T15:24:04.314+00:00,,,,
68820b095b4ef8a82fc8e8df,68123394-1e44-4b96-82bc-02a74a2f4ba1,,,,,,2025-07-24T15:24:04.314+00:00,,,,
68820b0d5b4ef8a82fc8e8e0,1d41316a-7c59-4952-ac10-778d64453c97,,,,,,2025-07-24T15:24:04.314+00:00,,,,
68820b125b4ef8a82fc8e8e1,30c0d2a0-75ab-499c-a925-a4475c9572db,,,,,,2025-07-24T15:24:04.314+00:00,,,,
68820bf5b95bfde66e7034bf,d4c99abe-711f-4286-a796-12aff8158954,,,,,,2025-07-24T15:24:04.314+00:00,,,,
68820d2832d98453b58168ec,231e088a-fcf4-4e2e-bed3-564fbf44a618,,,,,,2025-07-24T15:24:04.314+00:00,,,,
68820d2b32d98453b58168ed,82890485-8cb2-41c5-9b9a-ffaf73a3acdb,,,,,,2025-07-24T15:24:04.314+00:00,,,,
68820d2d32d98453b58168ee,084fee8d-aad4-4892-ad09-6f0f07399cac,,,,,,2025-07-24T15:24:04.314+00:00,,,,
68820d2e32d98453b58168ef,2b2a4d6b-8603-4b73-bad8-1236babaf462,,,,,,2025-07-24T15:24:04.314+00:00,,,,
68820dbc35de55ec5e18c08f,94c6f5d9-3b67-400a-bd6b-65d389f22741,,,,,,2025-07-24T15:24:04.314+00:00,,,,
68820e0b35de55ec5e18c090,607e0f0a-26f0-42ab-a92e-b70fc9e4576e,,,,,,2025-07-24T15:24:04.314+00:00,,,,
68820e1535de55ec5e18c091,c481f9ce-c666-40be-b144-8c698b191264,,,,,,2025-07-24T15:24:04.314+00:00,,,,
68820e902e2f95ffa594b387,515fcc39-b969-40e2-aeed-a7fc3eb9c91d,,,,,,2025-07-25T15:24:04.314+00:00,,,,
68820e932e2f95ffa594b388,54afc045-1b3a-48d5-b513-3c30bb8b3c27,,,,,,2025-07-25T15:24:04.314+00:00,,,,
68820e962e2f95ffa594b389,3e6477e4-46cb-4d12-a2e0-87edd0e7ed4a,,,,,,2025-07-25T15:24:04.314+00:00,,,,
68821a0c8409e7f7f309700d,6d406cad-c0a1-4f29-bbe9-bfb8cc2f2037,,,,,,2025-07-25T15:24:04.314+00:00,,,,
6883b5fef61d7a97f9c7b90f,dabff0bd-d2fa-40f6-bd5e-5b83d26678fa,,,,,,2025-07-25T15:24:04.314+00:00,,,,
68864daacc8dc950c6074034,bdb307d7-396e-4a68-a205-1059cde8f680,,,,,,2025-07-25T15:24:04.314+00:00,,,,
6881f59ffea5c8efbd724219,09e42cc1-1254-47c1-9c1b-f80714671061,,,,,,2025-07-25T15:24:04.314+00:00,,,,
6881f5a9fea5c8efbd72421a,c5eb4975-9ccd-4ba7-8e8f-561a799c63a8,,,,,,2025-07-25T15:24:04.314+00:00,,,,
6881f5cbfea5c8efbd72421c,47e03008-cc6f-412e-bc09-6c52e8a79e75,,,,,,2025-07-25T15:24:04.314+00:00,,,,
6881f66f37ce2c1075a6d79c,39cb4904-6905-4bcc-807a-1f428fc1531f,,,,,,2025-07-25T15:24:04.314+00:00,,,,
6881f7c2d281e361011adec3,30cf13d7-5f78-447c-b41c-9ba7b495190e,,,,,,2025-07-25T15:24:04.314+00:00,,,,
6881f7ced281e361011adec4,ae9ec054-940f-481b-81cb-3de3dc3cc7ac,,,,,,2025-07-25T15:24:04.314+00:00,,,,
6881f7e1d281e361011adec5,43d52c3d-6c83-4f09-ac1a-c606911c0ef9,,,,,,2025-07-25T15:24:04.314+00:00,,,,
6881f877d281e361011adec6,53fbd7ba-5413-4583-99a8-c2632a3f7543,,,,,,2025-07-25T15:24:04.314+00:00,,,,
6881f881d281e361011adec7,85cb608f-b3e9-4f70-9e48-b1014b6651dc,,,,,,2025-07-25T15:24:04.314+00:00,,,,
6881fecbcd0e2314cca59f2d,21cc1144-6be8-4e49-829c-2da14c4e6135,,,,,,2025-07-25T15:24:04.314+00:00,,,,
6881ff61d88a5f853b97171f,531961b4-59f9-460e-8859-41bf1228f9fb,,,,,,2025-07-25T15:24:04.314+00:00,,,,
6881ff70d88a5f853b971720,a272d9fa-c4e8-44c6-975f-fff637976120,,,,,,2025-07-25T15:24:04.314+00:00,,,,
6882003818eb01e1a75646d6,ebbf4487-e1fd-42e5-83a6-e87126e7e799,,,,,,2025-07-25T15:24:04.314+00:00,,,,
6882004818eb01e1a75646d7,ff5f90a1-068c-4960-ba28-e7fbbf890c6c,,,,,,2025-07-30T15:24:04.314+00:00,,,,
688202c318eb01e1a75646d8,fcca8453-ece5-49e1-ba4a-f9b7f5a0bfc4,,,,,,2025-07-30T15:24:04.314+00:00,,,,
6882068048ed3d5e0a0e31bf,a53edbe3-19cf-481f-9431-42cd622a53ec,,,,,,2025-07-25T15:24:04.314+00:00,,,,
6882069248ed3d5e0a0e31c0,14944ca8-0d54-4a35-aaa8-a281af77d3a3,,,,,,2025-07-25T15:24:04.314+00:00,,,,
6882074782965a9dd7956d8e,2ba69404-8524-42c3-87db-6a2bd9282809,,,,,,2025-07-24T15:24:04.314+00:00,,,,
688209bb4e778289ec16a679,4263a904-ab5e-4f88-95fa-e62af095c60c,,,,,,2025-08-01T15:19:35.505+00:00,,,,
688209c64e778289ec16a67a,dd8aa712-1d6a-4b1e-9b8e-e70cc4309195,,,,,,2025-08-01T15:19:35.505+00:00,,,,
688cdb076ac634938f0c253a,e29d8d1f-0f11-4520-8468-99e582aea551,,,,,,2025-08-01T15:19:35.505+00:00,,,,
688cdb266ac634938f0c253b,90d230f4-5de7-4847-ba5f-c5a83af0f403,,,,,,2025-08-01T15:20:06.875+00:00,,,,
688cdc146ac634938f0c253c,01f9b6c2-1f38-4219-9ff6-312e7fe5d15f,,,,,,2025-08-01T15:24:04.314+00:00,,,,
688cdd3236d50fabd30add57,b4ae6b36-918c-450e-8304-fa2711933439,,,,,,2025-08-01T15:28:50.528+00:00,,,,
688cdd5336d50fabd30add58,51cb5186-aa43-4d78-9637-5d7a0b7f824f,,,,,,2025-08-01T15:29:23.522+00:00,,,,
688cdda236d50fabd30add59,2f0a592b-c344-46d8-89fc-ee133c4f6e7c,,,,,,2025-08-01T15:30:42.310+00:00,,,,
688cddf236d50fabd30add5a,6946eb4d-cf19-4505-abab-91ac1fce2c9c,,,,,,2025-08-01T15:32:02.316+00:00,,,,
688cde0836d50fabd30add5b,a026b9f8-9296-4c98-99ba-004244745c75,,,,,,2025-08-01T15:32:24.712+00:00,,,,
